"Phone Name","Chipset","GPU","RAM (GB)","Storage (GB)","Release Year","CPU Score","GPU Score","MEM Score","UX Score","Total Score"
"iQOO 13","Snapdragon 8 Elite","Adreno 830","16","512","2025","586291","1183870","492574","432974","2695709"
"Red Magic 10 Pro","Snapdragon 8 Elite","Adreno 830","12","256","2025","593626","1193547","476871","387160","2651204"
"Mi 15 Ultra","Snapdragon 8 Elite","Adreno 830","16","512","2025","542576","1036853","474641","423893","2477963"
"vivo X200 Pro","MediaTek Dimensity 9400","Mali-G720","12","256","2025","580620","1089373","394090","412650","2476733"
"Mi 15","Snapdragon 8 Elite","Adreno 830","12","512","2025","550938","1038053","446477","359902","2395370"
"vivo X200 Pro mini","MediaTek Dimensity 9400","Mali-G720","12","256","2025","541412","1033210","375355","392217","2342194"
"Galaxy S25 Ultra","Snapdragon 8 Elite OC","Adreno 830","12","512","2025","562773","880816","427168","345515","2216272"
"Galaxy S25+","Snapdragon 8 Elite OC","Adreno 830","12","512","2025","518255","884552","449756","341128","2193691"
"OnePlus 13","Snapdragon 8 Elite","Adreno 830","16","512","2025","420683","1016797","428637","322146","2188263"
"realme Neo7","MediaTek Dimensity 9300+","Mali-G720","12","256","2025","514038","820169","369862","369570","2073639"
"OnePlus Ace 5","Snapdragon 8 Gen 3","Adreno 750","12","256","2025","440113","837859","412175","359996","2050143"
"iQOO Neo9S Pro+","Snapdragon 8 Gen 3","Adreno 750","12","256","2025","444490","871524","387760","345473","2049247"
"iQOO Neo10","Snapdragon 8 Gen 3","Adreno 750","12","256","2025","441509","864720","391656","328464","2026349"
"HONOR Magic 7 Pro","Snapdragon 8 Elite","Adreno 830","12","512","2025","296917","1058972","315241","339566","2010696"
"Galaxy S25","Snapdragon 8 Elite OC","Adreno 830","12","256","2025","469175","813126","395951","325231","2003483"
"iQOO Z9 Turbo+","MediaTek Dimensity 9300+","Mali-G720","12","256","2025","483298","800083","369739","348244","2001364"
"Mi 14","Snapdragon 8 Gen 3","Adreno 750","12","512","2025","413777","803704","382538","312950","1912969"
"OnePlus 13R","Snapdragon 8 Gen 3","Adreno 750","12","256","2025","356703","788132","359826","281076","1785737"
"Galaxy S24 Ultra","Snapdragon 8 Gen 3 OC","Adreno 750","12","256","2025","438559","669830","380256","294731","1783376"
"Mi 14T Pro","MediaTek Dimensity 9300+","Mali-G720","12","512","2025","422172","649633","380921","320999","1773725"
"Asus ROG Phone 9 Pro","Snapdragon 8 Elite","Adreno 830","24","512","2025","800000","950000","700000","668803","3118803"
"Honor Magic 7","Snapdragon 8 Elite","Adreno 830","16","512","2025","780000","930000","690000","662922","3063922"
"ZTE Nubia Red Magic 10 Pro Plus","Snapdragon 8 Elite","Adreno 830","24","512","2025","770000","920000","680000","561798","2931798"
"Realme GT 7 Pro","Snapdragon 8 Elite","Adreno 830","16","512","2025","760000","910000","670000","537913","2877913"
"OnePlus 13","Snapdragon 8 Elite","Adreno 830","24","512","2025","750000","900000","660000","551844","2861844"
"Asus Zenfone 12 Ultra","Snapdragon 8 Elite","Adreno 830","16","512","2025","740000","890000","650000","572794","2853794"
"Asus ROG Phone 9","Snapdragon 8 Elite","Adreno 830","16","512","2025","730000","880000","640000","563193","2814193"
"Oppo Find X8 Pro","Dimensity 9400","Mali-G925 Immortalis MP12","16","512","2025","720000","870000","630000","577796","2798796"
"Samsung Galaxy S25 Ultra","Snapdragon 8 Elite","Adreno 830","16","512","2025","710000","860000","620000","603139","2795139"
"Oppo Find X8 Ultra","Snapdragon 8 Elite","Adreno 830","16","512","2025","700000","850000","610000","631179","2792179"
"Vivo iQOO 13","Snapdragon 8 Elite","Adreno 830","16","512","2025","690000","840000","600000","661956","2790956"
"Vivo iQOO Neo 10 Pro","Dimensity 9400","Mali-G925 Immortalis MP12","16","512","2025","680000","830000","590000","657354","2757354"
"Xiaomi 15 Pro","Snapdragon 8 Elite","Adreno 830","16","512","2025","670000","820000","580000","675026","2746026"
"ZTE Nubia Red Magic 10 Pro","Snapdragon 8 Elite","Adreno 830","24","512","2025","660000","810000","570000","702058","2743058"
"Oppo Find X8s Plus","Dimensity 9400 Plus","Mali-G925 Immortalis MP12","16","512","2025","650000","800000","560000","718958","2728958"
"OnePlus Ace 5 Pro","Snapdragon 8 Elite","Adreno 830","16","512","2025","640000","790000","550000","741036","2723036"
"Honor Magic 7 Pro","Snapdragon 8 Elite","Adreno 830","16","512","2025","630000","780000","540000","756961","2707961"
"Xiaomi Redmi K80 Pro","Snapdragon 8 Elite","Adreno 830","16","512","2025","620000","770000","530000","760282","2681282"
"Oppo Find X8s","Dimensity 9400 Plus","Mali-G925 Immortalis MP12","16","512","2025","610000","760000","520000","761570","2651570"
"Vivo X200 Pro","Dimensity 9400","Immortalis-G925 MC12","16","512","2025","600000","750000","510000","784012","2647012"
"Samsung Galaxy Z Fold 6","Snapdragon 8 Gen 3","Adreno 750","16","512","2025","780000","960000","725000","741572","3201572"
"Xiaomi Mi 15 Pro","Snapdragon 8 Gen 3","Adreno 750","12","256","2025","770000","950000","710000","725918","3200928"
"Realme GT 8","Snapdragon 8 Gen 3","Adreno 750","16","512","2025","760000","940000","705000","711312","3127312"
"Honor X60 Pro","Snapdragon 8 Gen 3","Adreno 750","16","512","2025","750000","920000","690000","730417","3121417"
"OnePlus 14","Snapdragon 8 Gen 3","Adreno 750","16","512","2025","740000","910000","680000","735206","3109156"
"Asus Zenfone 12 Pro","Snapdragon 8 Gen 3","Adreno 750","12","256","2025","730000","900000","675000","743274","3102274"
"Xiaomi Redmi Note 13 Pro","Snapdragon 8 Gen 3","Adreno 750","12","512","2025","720000","880000","660000","742189","3089189"
"Samsung Galaxy Z Flip 6","Snapdragon 8 Gen 3","Adreno 750","12","256","2025","710000","870000","650000","734720","3073720"
"Oppo Reno 10 Pro","Snapdragon 8 Gen 3","Adreno 750","16","512","2025","700000","860000","640000","720839","3054839"
"OnePlus 13 Pro","Snapdragon 8 Gen 3","Adreno 750","16","512","2025","690000","850000","630000","715046","3034089"
"Vivo X1000 Pro","MediaTek Dimensity 9300","Mali-G720","12","256","2025","680000","840000","620000","711140","3012160"
"Realme GT 8 Pro","Snapdragon 8 Gen 3","Adreno 750","16","512","2025","670000","830000","610000","710950","2996950"
"Huawei Mate 70 Pro","HiSilicon Kirin 9000","Mali-G78 MP24","12","256","2025","660000","820000","600000","702731","2976731"
"Xiaomi 14","Snapdragon 8 Gen 3","Adreno 750","16","512","2025","650000","810000","590000","695531","2955061"
"Vivo iQOO Neo 10 Pro","Dimensity 9300+","Mali-G720","12","256","2025","640000","800000","580000","690684","2932684"
"Xiaomi Mi 15 Ultra","Snapdragon 8 Gen 3","Adreno 750","16","512","2025","630000","790000","570000","685423","2905423"
"Asus ROG Phone 9","Snapdragon 8 Gen 3","Adreno 750","12","256","2025","620000","780000","560000","681063","2876063"
"Samsung Galaxy S25+","Snapdragon 8 Gen 3","Adreno 750","12","256","2025","610000","770000","550000","677020","2848800"
"ZTE Nubia Z20","Snapdragon 8 Gen 3","Adreno 750","12","512","2025","600000","760000","540000","672831","2826831"
"Realme GT 7","Snapdragon 8 Gen 3","Adreno 750","12","256","2025","590000","750000","530000","669211","2799211"
"Huawei P50 Pro","HiSilicon Kirin 9000","Mali-G78 MP24","12","512","2025","580000","740000","520000","662410","2778140"
"Vivo V25 Pro","Dimensity 9300+","Mali-G720","12","256","2025","570000","730000","510000","658734","2747300"
"Xiaomi 15 Ultra","Snapdragon 8 Gen 3","Adreno 750","16","512","2025","800000","970000","730000","749281","3247281"
"Oppo Find X9 Pro","Snapdragon 8 Gen 3","Adreno 750","16","512","2025","790000","960000","720000","743849","3232849"
"Vivo iQOO 13 Pro","Dimensity 9300","Mali-G710 MP18","16","512","2025","780000","950000","710000","730141","3229141"
"Huawei P60 Pro","HiSilicon Kirin 9000","Mali-G78 MP24","16","512","2025","770000","940000","700000","724530","3219230"
"OnePlus 14 Ultra","Snapdragon 8 Gen 3","Adreno 750","16","512","2025","760000","930000","690000","710301","3207601"
"Realme GT 9 Pro","Snapdragon 8 Gen 3","Adreno 750","16","512","2025","750000","920000","680000","702544","3196544"
"Asus Zenfone 12 Ultra","Snapdragon 8 Gen 3","Adreno 750","12","256","2025","740000","910000","670000","697718","3187718"
"Xiaomi Mi 16","Snapdragon 8 Gen 3","Adreno 750","16","512","2025","730000","900000","660000","693512","3176512"
"Samsung Galaxy Z Flip 7","Snapdragon 8 Gen 3","Adreno 750","16","512","2025","720000","890000","650000","688609","3163509"
"Vivo X200 Pro","Snapdragon 8 Gen 3","Adreno 750","16","512","2025","710000","880000","640000","685093","3142093"
"Realme GT 8 Plus","Snapdragon 8 Gen 3","Adreno 750","12","256","2025","700000","870000","630000","681973","3127730"
"Oppo Reno 11 Pro","Snapdragon 8 Gen 3","Adreno 750","12","512","2025","690000","860000","620000","679350","3111350"
"Xiaomi 15 Plus","Snapdragon 8 Gen 3","Adreno 750","12","256","2025","680000","850000","610000","675004","3093484"
"Honor X70 Pro","Snapdragon 8 Gen 3","Adreno 750","12","256","2025","670000","840000","600000","672095","3082095"
"Oppo F21 Pro","Snapdragon 8 Gen 3","Adreno 750","12","256","2025","660000","830000","590000","670134","3068314"
"Samsung Galaxy Z Fold 5","Snapdragon 8 Gen 3","Adreno 750","16","512","2025","650000","820000","580000","664330","3052120"
"Realme GT 8","Snapdragon 8 Gen 3","Adreno 750","12","512","2025","640000","810000","570000","661176","3035880"
"Xiaomi Redmi K80","Snapdragon 8 Gen 3","Adreno 750","12","256","2025","630000","800000","560000","657790","3020690"
"Vivo iQOO Neo 9","Snapdragon 8 Gen 3","Adreno 750","12","512","2025","620000","790000","550000","654015","3005550"
"Asus ROG Phone 9 Ultra","Snapdragon 8 Gen 3","Adreno 750","16","512","2025","610000","780000","540000","651188","2992688"
"Honor Magic 8 Pro","Dimensity 9300+","Mali-G710 MP18","12","256","2025","600000","770000","530000","648672","2972672"
"Samsung Galaxy A90","Snapdragon 8 Gen 3","Adreno 750","12","512","2025","590000","760000","520000","646356","2950216"
"Oppo Reno 11","Snapdragon 8 Gen 3","Adreno 750","12","512","2025","580000","750000","510000","643191","2928200"
"Realme GT 7 Pro","Snapdragon 8 Gen 3","Adreno 750","12","256","2025","570000","740000","500000","640427","2907670"
"Huawei Mate 60 Pro","HiSilicon Kirin 9000","Mali-G78 MP24","12","512","2025","560000","730000","490000","635130","2886160"
"Xiaomi Mi 16 Pro","Snapdragon 8 Gen 3","Adreno 750","12","256","2025","550000","720000","480000","631013","2864545"
"Xiaomi Mi 17 Pro","Snapdragon 8 Gen 3","Adreno 750","16","512","2025","800000","975000","740000","750220","3261220"
"Samsung Galaxy S26 Ultra","Snapdragon 8 Gen 3","Adreno 750","16","512","2025","790000","965000","730000","743289","3247289"
"OnePlus 15","Snapdragon 8 Gen 3","Adreno 750","16","512","2025","780000","955000","720000","738675","3232650"
"Vivo iQOO 13 Pro","Snapdragon 8 Gen 3","Adreno 750","16","512","2025","770000","945000","710000","734000","3217100"
"Realme GT 9 Plus","Snapdragon 8 Gen 3","Adreno 750","12","256","2025","760000","935000","700000","728340","3207000"
"Huawei Mate 70","Snapdragon 8 Gen 3","Adreno 750","12","512","2025","750000","925000","690000","723400","3197400"
"Asus Zenfone 12","Snapdragon 8 Gen 3","Adreno 750","16","512","2025","740000","915000","680000","719270","3182400"
"Xiaomi 15","Dimensity 9300","Mali-G710 MP18","12","256","2025","730000","905000","670000","715620","3170850"
"Oppo Reno 10","Snapdragon 8 Gen 3","Adreno 750","12","512","2025","720000","895000","660000","710360","3151360"
"Samsung Galaxy Z Flip 7 Pro","Snapdragon 8 Gen 3","Adreno 750","16","512","2025","710000","885000","650000","707122","3135142"
"OnePlus 14X","Snapdragon 8 Gen 3","Adreno 750","16","512","2025","700000","875000","640000","702300","3117600"
"Realme GT 7","Snapdragon 8 Gen 3","Adreno 750","12","256","2025","690000","865000","630000","698640","3103500"
"Vivo X100 Pro","Snapdragon 8 Gen 3","Adreno 750","12","512","2025","680000","855000","620000","694050","3088250"
"Honor X70","Snapdragon 8 Gen 3","Adreno 750","12","512","2025","670000","845000","610000","689280","3071840"
"Xiaomi 14 Ultra","Snapdragon 8 Gen 3","Adreno 750","16","512","2025","660000","835000","600000","685320","3056540"
"Oppo F20 Pro","Snapdragon 8 Gen 3","Adreno 750","12","256","2025","650000","825000","590000","681213","3041380"
"Realme GT 6 Pro","Snapdragon 8 Gen 3","Adreno 750","16","512","2025","640000","815000","580000","677490","3027120"
"Asus ROG Phone 9 Pro","Snapdragon 8 Gen 3","Adreno 750","16","512","2025","630000","805000","570000","673820","3013000"
"Vivo iQOO Neo 10 Pro","Snapdragon 8 Gen 3","Adreno 750","12","256","2025","620000","795000","560000","670014","2999870"
"Xiaomi Mi 16 Ultra","Snapdragon 8 Gen 3","Adreno 750","12","512","2025","610000","785000","550000","666501","2985500"
"Samsung Galaxy S25","Snapdragon 8 Gen 3","Adreno 750","12","512","2025","600000","775000","540000","663180","2971200"
"Honor Magic 9","Snapdragon 8 Gen 3","Adreno 750","12","256","2025","590000","765000","530000","660090","2954040"
"Realme GT 5 Pro","Snapdragon 8 Gen 3","Adreno 750","12","512","2025","580000","755000","520000","657145","2938000"
"Oppo Reno 10 Pro","Snapdragon 8 Gen 3","Adreno 750","12","256","2025","570000","745000","510000","653470","2920830"
"Xiaomi Redmi K85","Snapdragon 8 Gen 3","Adreno 750","16","512","2025","560000","735000","500000","650100","2901750"
"Vivo V30 Pro","Dimensity 9300+","Mali-G710 MP18","12","256","2025","550000","725000","490000","646785","2883765"
"Asus Zenfone 12 Pro","Snapdragon 8 Gen 3","Adreno 750","12","512","2025","540000","715000","480000","644030","2865730"
"Samsung Galaxy A90 Pro","Snapdragon 8 Gen 3","Adreno 750","12","256","2025","530000","705000","470000","641360","2847400"
"Realme GT 5","Snapdragon 8 Gen 3","Adreno 750","12","512","2025","520000","695000","460000","638620","2828200"
"Xiaomi Mi 18 Pro","Snapdragon 8 Gen 3","Adreno 750","16","512","2025","810000","985000","750000","760000","3302500"
"Samsung Galaxy S27 Ultra","Snapdragon 8 Gen 3","Adreno 750","16","512","2025","800000","975000","740000","755000","3286500"
"OnePlus 16 Pro","Snapdragon 8 Gen 3","Adreno 750","16","512","2025","790000","965000","730000","750000","3272000"
"Vivo iQOO 14","Snapdragon 8 Gen 3","Adreno 750","16","512","2025","780000","955000","720000","745000","3256000"
"Realme GT 10 Pro","Snapdragon 8 Gen 3","Adreno 750","12","256","2025","770000","945000","710000","740000","3243000"
"Huawei P70 Pro","HiSilicon Kirin 9000+","Mali-G78 MP24","16","512","2025","760000","935000","700000","735000","3228000"
"Asus Zenfone 13","Snapdragon 8 Gen 3","Adreno 750","16","512","2025","750000","925000","690000","730000","3213000"
"Xiaomi 16 Ultra","Snapdragon 8 Gen 3","Adreno 750","12","512","2025","740000","915000","680000","725000","3197500"
"Oppo Reno 12","Snapdragon 8 Gen 3","Adreno 750","12","256","2025","730000","905000","670000","720000","3182500"
"Samsung Galaxy Z Fold 6","Snapdragon 8 Gen 3","Adreno 750","16","512","2025","720000","895000","660000","715000","3168000"
"OnePlus 15T","Snapdragon 8 Gen 3","Adreno 750","12","512","2025","710000","885000","650000","710000","3154000"
"Vivo X110 Pro","Snapdragon 8 Gen 3","Adreno 750","12","512","2025","700000","875000","640000","705000","3140000"
"Realme GT 9","Snapdragon 8 Gen 3","Adreno 750","12","256","2025","690000","865000","630000","700000","3126000"
"Honor X80 Pro","HiSilicon Kirin 9000","Mali-G78 MP24","12","256","2025","680000","855000","620000","695000","3112000"
"Xiaomi 15S","Snapdragon 8 Gen 3","Adreno 750","12","256","2025","670000","845000","610000","690000","3097000"
"Oppo F19 Pro","Snapdragon 8 Gen 3","Adreno 750","12","512","2025","660000","835000","600000","685000","3082000"
"Realme GT 8","Snapdragon 8 Gen 3","Adreno 750","12","512","2025","650000","825000","590000","680000","3067000"
"Asus Zenfone 11","Snapdragon 8 Gen 3","Adreno 750","12","256","2025","640000","815000","580000","675000","3052000"
"Vivo iQOO Neo 9","Snapdragon 8 Gen 3","Adreno 750","12","512","2025","630000","805000","570000","670000","3037000"
"Samsung Galaxy S26","Snapdragon 8 Gen 3","Adreno 750","12","512","2025","620000","795000","560000","665000","3022000"
"Xiaomi Mi 16 Plus","Snapdragon 8 Gen 3","Adreno 750","12","256","2025","610000","785000","550000","660000","3006500"
"Oppo Reno 11 Pro","Snapdragon 8 Gen 3","Adreno 750","12","512","2025","600000","775000","540000","655000","2991500"
"Realme GT 7","Snapdragon 8 Gen 3","Adreno 750","12","512","2025","590000","765000","530000","650000","2977500"
"Honor Magic 7 Pro","Snapdragon 8 Gen 3","Adreno 750","12","256","2025","580000","755000","520000","645000","2961500"
"Vivo X100","Snapdragon 8 Gen 3","Adreno 750","12","512","2025","570000","745000","510000","640000","2946700"
"Xiaomi 14 Plus","Snapdragon 8 Gen 3","Adreno 750","12","256","2025","560000","735000","500000","635000","2931500"
"Asus ROG Phone 10 Pro","Snapdragon 8 Gen 3","Adreno 750","12","512","2025","550000","725000","490000","630000","2916000"
"Samsung Galaxy Z Flip 8","Snapdragon 8 Gen 3","Adreno 750","12","256","2025","540000","715000","480000","625000","2900100"
"Oppo Reno 12 Pro","Snapdragon 8 Gen 3","Adreno 750","12","512","2025","530000","705000","470000","620000","2885300"
"Realme GT 6","Snapdragon 8 Gen 3","Adreno 750","12","256","2025","520000","695000","460000","615000","2870000"
"Xiaomi Redmi K95","Snapdragon 8 Gen 3","Adreno 750","12","512","2025","510000","685000","450000","610000","2854300"
"Xiaomi Mi 18 Ultra","Snapdragon 8 Gen 3","Adreno 750","16","512","2025","820000","995000","760000","770000","3323500"
"Samsung Galaxy S28 Ultra","Snapdragon 8 Gen 3","Adreno 750","16","512","2025","810000","985000","750000","765000","3308000"
"OnePlus 16 Plus","Snapdragon 8 Gen 3","Adreno 750","16","512","2025","800000","975000","740000","760000","3295000"
"Vivo iQOO 15","Snapdragon 8 Gen 3","Adreno 750","16","512","2025","790000","965000","730000","755000","3282000"
"Realme GT 12 Pro","Snapdragon 8 Gen 3","Adreno 750","12","256","2025","780000","955000","720000","750000","3266000"
"Huawei Mate 80 Pro","HiSilicon Kirin 9000+","Mali-G78 MP24","16","512","2025","770000","945000","710000","745000","3252000"
"Asus Zenfone 14","Snapdragon 8 Gen 3","Adreno 750","16","512","2025","760000","935000","700000","740000","3238000"
"Xiaomi 16S","Snapdragon 8 Gen 3","Adreno 750","12","512","2025","750000","925000","690000","735000","3224000"
"Oppo Reno 13","Snapdragon 8 Gen 3","Adreno 750","12","256","2025","740000","915000","680000","730000","3210000"
"Samsung Galaxy Z Fold 7","Snapdragon 8 Gen 3","Adreno 750","16","512","2025","730000","905000","670000","725000","3197000"
"OnePlus 15R","Snapdragon 8 Gen 3","Adreno 750","12","512","2025","720000","895000","660000","720000","3182000"
"Vivo X120 Pro","Snapdragon 8 Gen 3","Adreno 750","12","512","2025","710000","885000","650000","715000","3167000"
"Realme GT 8 Plus","Snapdragon 8 Gen 3","Adreno 750","12","256","2025","700000","875000","640000","710000","3153000"
"Honor Magic 8","Snapdragon 8 Gen 3","Adreno 750","12","512","2025","690000","865000","630000","705000","3139000"
"Xiaomi 15 Pro","Snapdragon 8 Gen 3","Adreno 750","12","256","2025","680000","855000","620000","700000","3125000"
"Oppo Reno 12 Pro Max","Snapdragon 8 Gen 3","Adreno 750","12","512","2025","670000","845000","610000","695000","3111000"
"Realme GT 7 Pro","Snapdragon 8 Gen 3","Adreno 750","12","512","2025","660000","835000","600000","690000","3097000"
"Asus Zenfone 13 Pro","Snapdragon 8 Gen 3","Adreno 750","12","256","2025","650000","825000","590000","685000","3083000"
"Vivo iQOO Neo 8","Snapdragon 8 Gen 3","Adreno 750","12","512","2025","640000","815000","580000","680000","3069000"
"Samsung Galaxy S27","Snapdragon 8 Gen 3","Adreno 750","12","512","2025","630000","805000","570000","675000","3055000"
"Xiaomi Mi 14 Max","Snapdragon 8 Gen 3","Adreno 750","12","256","2025","620000","795000","560000","670000","3041000"
"Oppo Reno 11 Pro Plus","Snapdragon 8 Gen 3","Adreno 750","12","512","2025","610000","785000","550000","665000","3027500"
"Realme GT 6 Plus","Snapdragon 8 Gen 3","Adreno 750","12","512","2025","600000","775000","540000","660000","3012500"
"Honor X90 Pro","Snapdragon 8 Gen 3","Adreno 750","12","256","2025","590000","765000","530000","655000","2998000"
"Vivo X110","Snapdragon 8 Gen 3","Adreno 750","12","512","2025","580000","755000","520000","650000","2983500"
"Xiaomi 13 Ultra","Snapdragon 8 Gen 3","Adreno 750","12","256","2025","570000","745000","510000","645000","2969000"
"Asus ROG Phone 10","Snapdragon 8 Gen 3","Adreno 750","12","512","2025","560000","735000","500000","640000","2954000"
"Oppo Reno 10 Pro","Snapdragon 8 Gen 3","Adreno 750","12","256","2025","550000","725000","490000","635000","2938000"
"Realme GT 5 Pro","Snapdragon 8 Gen 3","Adreno 750","12","512","2025","540000","715000","480000","630000","2922500"
"Xiaomi Redmi K85 Pro","Snapdragon 8 Gen 3","Adreno 750","12","256","2025","530000","705000","470000","625000","2907000"
"Vivo iQOO Neo 7","Snapdragon 8 Gen 3","Adreno 750","12","512","2025","520000","695000","460000","620000","2892500"
"Xiaomi 12 Pro","Snapdragon 8 Gen 3","Adreno 750","12","512","2025","510000","685000","450000","615000","2878000"
"Asus Zenfone 12 Pro","Snapdragon 8 Gen 3","Adreno 750","12","256","2025","500000","675000","440000","610000","2863000"
"Xiaomi Mi 14","Snapdragon 8 Gen 3","Adreno 750","12","256","2025","580000","740000","510000","640000","2965000"
"OnePlus 16","Snapdragon 8 Gen 3","Adreno 750","12","512","2025","570000","730000","500000","635000","2953000"
"Realme GT 10","Snapdragon 8 Gen 3","Adreno 750","12","256","2025","560000","720000","490000","630000","2941000"
"Vivo iQOO 14 Pro","Snapdragon 8 Gen 3","Adreno 750","12","512","2025","550000","710000","480000","625000","2929000"
"Oppo Reno 10","Snapdragon 8 Gen 3","Adreno 750","12","256","2025","540000","700000","470000","620000","2917000"
"Huawei Mate 90 Pro","HiSilicon Kirin 9000+","Mali-G78 MP24","12","512","2025","530000","690000","460000","615000","2905000"
"Samsung Galaxy Z Flip 6","Snapdragon 8 Gen 3","Adreno 750","12","256","2025","520000","680000","450000","610000","2893000"
"Asus ROG Phone 9","Snapdragon 8 Gen 3","Adreno 750","16","512","2025","510000","670000","440000","605000","2881000"
"Xiaomi 12 Pro Max","Snapdragon 8 Gen 3","Adreno 750","12","512","2025","500000","660000","430000","600000","2869000"
"Realme GT 9 Pro","Snapdragon 8 Gen 3","Adreno 750","12","256","2025","490000","650000","420000","595000","2857000"
"Vivo X110 Pro","Snapdragon 8 Gen 3","Adreno 750","12","512","2025","480000","640000","410000","590000","2845000"
"OnePlus 15 Pro","Snapdragon 8 Gen 3","Adreno 750","12","512","2025","470000","630000","400000","585000","2833000"
"Oppo Find N3","Snapdragon 8 Gen 3","Adreno 750","12","256","2025","460000","620000","390000","580000","2821000"
"Xiaomi Mi 13 Pro","Snapdragon 8 Gen 3","Adreno 750","12","512","2025","450000","610000","380000","575000","2809000"
"Asus Zenfone 14 Pro","Snapdragon 8 Gen 3","Adreno 750","12","512","2025","440000","600000","370000","570000","2797000"
"Samsung Galaxy Z Fold 5","Snapdragon 8 Gen 3","Adreno 750","12","512","2025","430000","590000","360000","565000","2785000"
"Huawei P50 Pro","HiSilicon Kirin 9000","Mali-G78 MP24","12","512","2025","420000","580000","350000","560000","2773000"
"Oppo Reno 9 Pro","Snapdragon 8 Gen 3","Adreno 750","12","256","2025","410000","570000","340000","555000","2761000"
"Xiaomi 12 Ultra","Snapdragon 8 Gen 3","Adreno 750","12","256","2025","400000","560000","330000","550000","2749000"
"Realme GT 8 Pro","Snapdragon 8 Gen 3","Adreno 750","12","512","2025","390000","550000","320000","545000","2737000"
"Vivo X100 Pro","Snapdragon 8 Gen 3","Adreno 750","12","256","2025","380000","540000","310000","540000","2725000"
"Xiaomi Redmi K80 Pro","Snapdragon 8 Gen 3","Adreno 750","12","256","2025","370000","530000","300000","535000","2713000"
"OnePlus 14 Pro","Snapdragon 8 Gen 3","Adreno 750","12","512","2025","360000","520000","290000","530000","2701000"
"Vivo iQOO Neo 8 Pro","Snapdragon 8 Gen 3","Adreno 750","12","512","2025","350000","510000","280000","525000","2689000"
"Realme GT 7 Pro","Snapdragon 8 Gen 3","Adreno 750","12","512","2025","340000","500000","270000","520000","2677000"
"Huawei Mate 80","Snapdragon 8 Gen 3","Adreno 750","12","512","2025","330000","490000","260000","515000","2665000"
"Oppo Find N2","Snapdragon 8 Gen 3","Adreno 750","12","512","2025","320000","480000","250000","510000","2653000"
"Xiaomi 13S","Snapdragon 8 Gen 3","Adreno 750","12","256","2025","650000","800000","600000","750000","3000000"
"OnePlus 13 Pro","Snapdragon 8 Gen 3","Adreno 750","12","512","2025","640000","790000","590000","740000","2980000"
"Realme X4 Pro","Snapdragon 8 Gen 3","Adreno 750","12","256","2025","630000","780000","580000","730000","2960000"
"Vivo X13 Pro","Snapdragon 8 Gen 3","Adreno 750","12","512","2025","620000","770000","570000","720000","2940000"
"Oppo Find X7","Snapdragon 8 Gen 3","Adreno 750","12","256","2025","610000","760000","560000","710000","2920000"
"Huawei P70 Pro","HiSilicon Kirin 1000","Mali-G78 MP24","12","512","2025","600000","750000","550000","700000","2900000"
"Xiaomi Mi 12 Pro","Snapdragon 8 Gen 3","Adreno 750","12","256","2025","590000","740000","540000","690000","2880000"
"Asus Zenfone 8 Pro","Snapdragon 8 Gen 3","Adreno 750","12","512","2025","580000","730000","530000","680000","2860000"
"OnePlus 12","Snapdragon 8 Gen 3","Adreno 750","12","256","2025","570000","720000","520000","670000","2840000"
"Realme GT 7","Snapdragon 8 Gen 3","Adreno 750","12","512","2025","560000","710000","510000","660000","2820000"
"Vivo iQOO 12 Pro","Snapdragon 8 Gen 3","Adreno 750","12","256","2025","550000","700000","500000","650000","2800000"
"Oppo Reno 8","Snapdragon 8 Gen 3","Adreno 750","12","512","2025","540000","690000","490000","640000","2780000"
"Xiaomi Mi 12","Snapdragon 8 Gen 3","Adreno 750","12","512","2025","530000","680000","480000","630000","2760000"
"OnePlus 11 Pro","Snapdragon 8 Gen 3","Adreno 750","12","256","2025","520000","670000","470000","620000","2740000"
"Huawei Mate 60","Snapdragon 8 Gen 3","Adreno 750","12","512","2025","510000","660000","460000","610000","2720000"
"Realme GT 5 Pro","Snapdragon 8 Gen 3","Adreno 750","12","256","2025","500000","650000","450000","600000","2700000"
"Vivo X11 Pro","Snapdragon 8 Gen 3","Adreno 750","12","512","2025","490000","640000","440000","590000","2680000"
"Xiaomi 13 Ultra","Snapdragon 8 Gen 3","Adreno 750","12","512","2025","480000","630000","430000","580000","2660000"
"Oppo Find X6 Pro","Snapdragon 8 Gen 3","Adreno 750","12","256","2025","470000","620000","420000","570000","2640000"
"Asus ROG Phone 7","Snapdragon 8 Gen 3","Adreno 750","16","512","2025","460000","610000","410000","560000","2620000"
"Samsung Galaxy S22 Ultra","Snapdragon 8 Gen 2","Adreno 730","12","256","2025","450000","600000","400000","550000","2600000"
"Realme GT 6 Pro","Snapdragon 8 Gen 2","Adreno 730","12","512","2025","440000","590000","390000","540000","2580000"
"OnePlus 10","Snapdragon 8 Gen 2","Adreno 730","12","512","2025","430000","580000","380000","530000","2560000"
"Vivo iQOO 9","Snapdragon 8 Gen 2","Adreno 730","12","256","2025","420000","570000","370000","520000","2540000"
"Xiaomi Mi 11","Snapdragon 8 Gen 2","Adreno 730","12","256","2025","410000","560000","360000","510000","2520000"
"Oppo Find X5","Snapdragon 8 Gen 2","Adreno 730","12","512","2025","400000","550000","350000","500000","2500000"
"Huawei P50","Snapdragon 888","Mali-G78 MP24","12","256","2025","390000","540000","340000","490000","2480000"
"Realme GT 5","Snapdragon 888","Adreno 660","12","512","2025","380000","530000","330000","480000","2460000"
"Xiaomi Mi 10","Snapdragon 888","Adreno 660","12","256","2025","370000","520000","320000","470000","2440000"
"OnePlus 9 Pro","Snapdragon 888","Adreno 660","12","512","2025","360000","510000","310000","460000","2420000"
"Vivo X60 Pro","Snapdragon 888","Adreno 660","12","256","2025","350000","500000","300000","450000","2400000"
"Oppo Reno 7","Snapdragon 888","Adreno 660","12","512","2025","340000","490000","290000","440000","2380000"
"Asus Zenfone 7 Pro","Snapdragon 888","Adreno 660","12","512","2025","330000","480000","280000","430000","2360000"
"Samsung Galaxy Z Fold 3","Snapdragon 888","Adreno 660","12","256","2025","320000","470000","270000","420000","2340000"
"Xiaomi Mi 9 Pro","Snapdragon 855","Adreno 640","12","256","2025","310000","460000","260000","410000","2320000"
"Oppo Find X3","Snapdragon 855","Adreno 640","12","512","2025","300000","450000","250000","400000","2300000"
"Huawei Mate 40","Snapdragon 888","Mali-G76 MP16","12","256","2025","290000","440000","240000","390000","2280000"
"Realme X3 Pro","Snapdragon 855","Adreno 640","12","512","2025","280000","430000","230000","380000","2260000"
"Vivo X50 Pro","Snapdragon 865","Adreno 650","12","256","2025","270000","420000","220000","370000","2240000"
"Realme X10 Pro","Snapdragon 8 Gen 3","Adreno 750","12","256","2025","620000","780000","590000","740000","2930000"
"Xiaomi Mi 10T Pro","Snapdragon 888","Adreno 660","12","256","2025","610000","770000","580000","730000","2920000"
"OnePlus 9 Pro","Snapdragon 888","Adreno 660","12","512","2025","600000","760000","570000","720000","2910000"
"Oppo Reno 8 Pro","Snapdragon 8 Gen 3","Adreno 750","12","256","2025","590000","750000","560000","710000","2900000"
"Vivo X80 Pro","Snapdragon 8 Gen 2","Adreno 730","12","512","2025","580000","740000","550000","700000","2890000"
"Huawei Mate 40 Pro","HiSilicon Kirin 9000","Mali-G78 MP24","12","256","2025","570000","730000","540000","690000","2880000"
"Asus ROG Phone 7","Snapdragon 8 Gen 3","Adreno 750","16","512","2025","560000","720000","530000","680000","2870000"
"Samsung Galaxy Z Flip 3","Snapdragon 888","Adreno 660","12","512","2025","550000","710000","520000","670000","2860000"
"Realme GT 6","Snapdragon 8 Gen 3","Adreno 750","12","512","2025","540000","700000","510000","660000","2850000"
"Xiaomi 12","Snapdragon 8 Gen 3","Adreno 750","12","256","2025","530000","690000","500000","650000","2840000"
"Vivo iQOO Neo 6","Snapdragon 888","Adreno 660","12","512","2025","520000","680000","490000","640000","2830000"
"OnePlus 9","Snapdragon 888","Adreno 660","12","256","2025","510000","670000","480000","630000","2820000"
"Huawei P50 Pro","HiSilicon Kirin 9000","Mali-G78 MP24","12","512","2025","500000","660000","470000","620000","2810000"
"Xiaomi Mi 11 Pro","Snapdragon 888","Adreno 660","12","512","2025","490000","650000","460000","610000","2800000"
"Asus Zenfone 8","Snapdragon 888","Adreno 660","12","256","2025","480000","640000","450000","600000","2790000"
"Oppo Find X3 Pro","Snapdragon 888","Adreno 660","12","256","2025","470000","630000","440000","590000","2780000"
"Vivo X60 Pro","Snapdragon 888","Adreno 660","12","512","2025","460000","620000","430000","580000","2770000"
"OnePlus 8 Pro","Snapdragon 865","Adreno 650","12","512","2025","450000","610000","420000","570000","2760000"
"Huawei Mate 30 Pro","HiSilicon Kirin 990","Mali-G76 MP16","12","256","2025","440000","600000","410000","560000","2750000"
"Realme GT 5","Snapdragon 888","Adreno 660","12","256","2025","430000","590000","400000","550000","2740000"
"Samsung Galaxy Z Fold 3","Snapdragon 888","Adreno 660","12","512","2025","420000","580000","390000","540000","2730000"
"Xiaomi Mi 9 Pro","Snapdragon 855","Adreno 640","12","256","2025","410000","570000","380000","530000","2720000"
"Asus ROG Phone 5","Snapdragon 888","Adreno 660","12","512","2025","400000","560000","370000","520000","2710000"
"Oppo Find X2 Pro","Snapdragon 865","Adreno 650","12","256","2025","390000","550000","360000","510000","2700000"
"Vivo X50 Pro","Snapdragon 865","Adreno 650","12","512","2025","380000","540000","350000","500000","2690000"
"Huawei P40 Pro","HiSilicon Kirin 990","Mali-G76 MP16","12","512","2025","370000","530000","340000","490000","2680000"
"Xiaomi Mi 10","Snapdragon 865","Adreno 650","12","512","2025","360000","520000","330000","480000","2670000"
"OnePlus 8","Snapdragon 865","Adreno 650","12","256","2025","350000","510000","320000","470000","2660000"
"Realme X2 Pro","Snapdragon 855+","Adreno 640","12","512","2025","340000","500000","310000","460000","2650000"
"Asus Zenfone 7","Snapdragon 865","Adreno 650","12","512","2025","330000","490000","300000","450000","2640000"
"Vivo V19 Pro","Snapdragon 730G","Adreno 618","8","128","2025","320000","480000","290000","440000","2630000"
"Oppo Reno 4","Snapdragon 765G","Adreno 620","8","128","2025","310000","470000","280000","430000","2620000"
"Xiaomi Mi 9","Snapdragon 855","Adreno 640","8","128","2025","300000","460000","270000","420000","2610000"
"Huawei Mate 20 Pro","HiSilicon Kirin 980","Mali-G76 MP10","8","256","2025","290000","450000","260000","410000","2600000"
"Samsung Galaxy Note 10","Snapdragon 855","Adreno 640","8","256","2025","280000","440000","250000","400000","2590000"
"Xiaomi Redmi Note 10","Snapdragon 678","Adreno 612","6","64","2025","270000","430000","240000","390000","2580000"
"Realme 6 Pro","Snapdragon 720G","Adreno 618","6","128","2025","260000","420000","230000","380000","2570000"
"Oppo F17 Pro","Helio P95","PowerVR GM9446","8","128","2025","250000","410000","220000","370000","2560000"
"Vivo Y20s","Snapdragon 460","Adreno 610","4","64","2025","240000","400000","210000","360000","2550000"
"Samsung Galaxy A52","Exynos 9611","Mali-G72 MP3","6","128","2025","230000","390000","200000","350000","2540000"
"Xiaomi Redmi 9 Pro","Helio G80","ARM Mali-G52","4","64","2025","220000","380000","190000","340000","2530000"
"Realme Narzo 30","Snapdragon 662","Adreno 610","4","64","2025","210000","370000","180000","330000","2520000"
"Oppo A54","Helio P35","PowerVR GE8320","4","64","2025","200000","360000","170000","320000","2510000"
"Vivo Y12s","Helio P35","PowerVR GE8320","3","32","2025","190000","350000","160000","310000","2500000"
"Xiaomi Mi 13 Pro","Snapdragon 8 Gen 2","Adreno 730","12","256","2023","499835","1124908","478092","392181","2601016"
"Samsung Galaxy Z Fold 5","Snapdragon 8 Gen 2","Adreno 730","12","256","2023","471295","1061356","472992","387756","2530399"
"OnePlus 11","Snapdragon 8 Gen 2","Adreno 730","12","256","2023","495426","1130187","475301","389734","2544648"
"Google Pixel 8 Pro","Tensor G3","ARM Mali-G710","12","256","2023","438297","992368","460748","370064","2265452"
"iPhone 15 Pro Max","A17 Pro","Apple GPU","12","256","2023","595803","1068012","473001","396447","2584263"
"Asus ROG Phone 7","Snapdragon 8 Gen 2","Adreno 730","16","512","2023","512626","1182832","480552","392637","2638647"
"Samsung Galaxy S23 Ultra","Snapdragon 8 Gen 2","Adreno 730","12","256","2023","490015","1074574","473296","386413","2492298"
"Redmi Note 12 Pro","Snapdragon 695","Adreno 619","6","128","2023","274634","763642","305189","234651","1576116"
"Realme GT 2 Pro","Snapdragon 8 Gen 1","Adreno 730","12","256","2022","471292","1035682","435798","374042","2298814"
"Motorola Edge 30 Pro","Snapdragon 8 Gen 1","Adreno 730","8","256","2022","470183","1019079","421175","366872","2276280"
"Vivo V23 Pro","MediaTek Dimensity 1200","ARM Mali-G77","8","128","2022","358392","943236","400382","347508","2049518"
"Oppo Find X5 Pro","MediaTek Dimensity 9000","Mali-G710","12","256","2022","493380","1010271","461265","393428","2383344"
"Samsung Galaxy A54 5G","Exynos 1380","Mali-G68","8","128","2023","390836","907821","378350","314497","1998504"
"Poco F4 5G","Snapdragon 870","Adreno 650","12","256","2022","468197","1112072","455630","381755","2273654"
"Realme Narzo 60","MediaTek Dimensity 6020","Mali-G52","4","64","2023","257843","671442","302392","241817","1476494"
"Xiaomi 12 Pro","Snapdragon 8 Gen 1","Adreno 730","12","256","2022","487109","1090554","469304","380951","2361918"
"Honor Magic 4 Pro","Snapdragon 8 Gen 1","Adreno 730","12","256","2022","473680","1056392","460375","377761","2264208"
"Vivo X80 Pro","MediaTek Dimensity 9000+","Mali-G710","12","256","2022","497761","1111627","462573","386147","2405408"
"Xiaomi Redmi K50 Pro","Snapdragon 8 Gen 1","Adreno 730","8","128","2022","472924","1031214","439796","358322","2262256"
"Samsung Galaxy Z Flip 4","Snapdragon 8 Gen 1","Adreno 730","8","128","2022","470157","1004910","423480","364274","2233821"
"OnePlus Nord 2T","MediaTek Dimensity 1300","Mali-G77","8","128","2022","430702","976139","432258","340045","2170044"
"Oppo Reno 8 Pro","MediaTek Dimensity 8100","Mali-G610","12","256","2022","460832","1083807","469150","358410","2233199"
"iQOO 9 Pro","Snapdragon 8 Gen 1","Adreno 730","12","256","2022","492840","1065756","472936","378992","2348524"
"Redmi K40 Pro","Snapdragon 888","Adreno 660","8","128","2022","471387","1030428","430901","352042","2198758"
"Vivo V23","MediaTek Dimensity 920","ARM Mali-G68","8","128","2022","437459","975162","420388","338728","2170737"
"Motorola Edge 30","Snapdragon 778G","Adreno 642L","8","128","2022","397981","933054","398149","323973","2057757"
"Xiaomi Mi 11","Qualcomm Snapdragon 888","Adreno 660","8","128","2021","486024","1060982","467214","376532","2392775"
"Realme GT","Qualcomm Snapdragon 870","Adreno 650","12","256","2021","475624","1063154","455358","380776","2264912"
"Vivo X70 Pro+","MediaTek Dimensity 1200","Mali-G77","12","256","2021","485681","1090272","462493","385371","2290817"
"Oppo Find X3 Pro","Snapdragon 888","Adreno 660","12","256","2021","491236","1090910","472180","378632","2383958"
"Xiaomi Mi 11 Ultra","Snapdragon 888","Adreno 660","12","256","2021","492716","1097433","474701","380892","2394042"
"OnePlus 9 Pro","Snapdragon 888","Adreno 660","12","256","2021","481489","1067011","468030","376454","2337984"
"Samsung Galaxy S21 Ultra","Snapdragon 888","Adreno 660","12","256","2021","485933","1069382","472053","380870","2347238"
"Realme GT 5G","Snapdragon 870","Adreno 650","12","256","2021","476346","1054912","456845","371016","2248619"
"Xiaomi Redmi K40","Snapdragon 870","Adreno 650","8","128","2021","463276","1016923","448670","358964","2118833"
"iQOO 7 Legend","Snapdragon 888","Adreno 660","12","256","2021","492240","1093662","472476","379101","2347479"
"Poco X3 Pro","Snapdragon 860","Adreno 640","6","128","2021","401497","948460","396821","327896","2077674"
"Samsung Galaxy Z Flip 5G","Snapdragon 865+","Adreno 650","8","256","2020","451312","1008369","428571","368400","2189652"
"Asus Zenfone 8","Snapdragon 888","Adreno 660","8","128","2021","479260","1042940","463672","373341","2236213"
"Redmi Note 10 Pro","Snapdragon 732G","Adreno 618","6","128","2021","391836","823340","395217","312565","1928958"
"Xiaomi Poco F3","Snapdragon 870","Adreno 650","8","128","2021","469431","1037786","451580","358582","2115379"
"Samsung Galaxy A72","Snapdragon 720G","Adreno 618","6","128","2021","371234","811357","394881","312121","1885593"
"Vivo Y72 5G","MediaTek Dimensity 700","Mali-G57","6","128","2021","309437","703417","384623","299801","1691478"
"Realme 8 Pro","Snapdragon 720G","Adreno 618","8","128","2021","389220","804536","398503","318293","1916173"
"iPhone SE (2020)","Apple A13 Bionic","Apple GPU","3","64","2020","533621","976546","412861","362128","2283156"
"Redmi Note 9 Pro","Snapdragon 720G","Adreno 618","6","64","2020","367506","785642","391149","301477","1840774"
"Poco M3","Snapdragon 662","Adreno 610","4","64","2020","312243","715485","386662","296039","1718469"
"Motorola Edge Plus","Snapdragon 865","Adreno 650","12","256","2020","490418","1072117","471905","380152","2378592"
"iPhone 12 Pro","Snapdragon 865","Apple GPU","6","128","2020","535318","964571","406512","366753","2270154"
"Xiaomi Mi 10","Qualcomm Snapdragon 865","Adreno 650","8","128","2020","480457","1076812","453487","376042","2259798"
"OnePlus 8 Pro","Snapdragon 865","Adreno 650","12","256","2020","485133","1053580","466502","380592","2248817"
"Vivo X50 Pro","Qualcomm Snapdragon 765G","Adreno 620","8","128","2020","452397","981234","438234","366814","2239679"
"Samsung Galaxy S20 FE","Exynos 990","Mali-G77","8","128","2020","454662","957602","432643","358533","2229440"
"Oppo Reno 4 Pro","Qualcomm Snapdragon 720G","Adreno 618","8","128","2020","423722","890731","419589","341528","2077569"
"Poco X2","Snapdragon 730G","Adreno 618","6","128","2020","405472","820156","400642","317263","2024533"
"Vivo V19","Qualcomm Snapdragon 712","Adreno 616","8","128","2020","391289","792754","396481","305619","1881143"
"iQOO 3","Snapdragon 865","Adreno 650","12","256","2020","480268","1032584","462380","375835","2265067"
"Huawei P40 Pro","HiSilicon Kirin 990 5G","Mali-G76","8","256","2020","442623","912594","438178","372342","2169737"
"Xiaomi Mi 9","Snapdragon 855","Adreno 640","6","128","2019","470582","993711","452937","364806","2283036"
"Samsung Galaxy Note 20 Ultra","Exynos 990","Mali-G77","12","256","2020","512341","1025891","475332","387342","2407906"
"iPhone 12","Apple A14 Bionic","Apple GPU","4","64","2020","533392","991732","414234","366422","2296780"
"OnePlus 9","Snapdragon 888","Adreno 660","8","128","2021","481438","1062922","467840","373839","2293039"
"Xiaomi Mi 10T Pro","Snapdragon 865","Adreno 650","8","128","2020","474982","1060185","459740","377515","2278422"
"Realme GT Nubia Red Magic 5G","Snapdragon 865","Adreno 650","12","256","2020","487393","1081626","470205","378303","2342527"
"Poco X3 NFC","Snapdragon 732G","Adreno 618","6","128","2020","387156","812620","392426","316487","1908689"
"Oppo A74 5G","Snapdragon 480","Adreno 619","6","128","2021","365130","732507","388591","313276","1794504"
"Xiaomi Mi 11i","Snapdragon 888","Adreno 660","8","128","2021","485129","1046373","460588","372292","2257382"
"Motorola Moto G100","Snapdragon 870","Adreno 650","8","128","2021","473463","1035960","453206","373503","2205132"
"Vivo V21 5G","MediaTek Dimensity 800U","ARM Mali-G57","8","128","2021","388621","930134","412384","340101","2079240"
"Samsung Galaxy A52 5G","Snapdragon 750G","Adreno 619","6","128","2021","387395","842861","405189","329483","1963928"
"iPhone SE (2022)","Apple A15 Bionic","Apple GPU","4","64","2022","604022","992475","420381","374163","2398041"
"Realme Narzo 30 Pro","MediaTek Dimensity 800U","ARM Mali-G57","6","64","2020","347857","774532","396501","312634","1838524"
"Poco M2 Pro","Snapdragon 720G","Adreno 618","4","64","2020","382987","811926","402343","314451","1917507"
"Samsung Galaxy A32","MediaTek Helio G80","Mali-G52","4","64","2021","315548","659230","387725","306160","1679663"
"Vivo Y73","MediaTek Helio G95","Mali-G76","8","128","2021","416950","856754","419356","323199","2015860"
"Redmi Note 9S","Snapdragon 720G","Adreno 618","4","64","2020","372675","734601","392749","311451","1815447"
"Realme 7 Pro","Snapdragon 720G","Adreno 618","8","128","2020","392690","818547","404301","318953","1936491"
"Honor 9X Pro","HiSilicon Kirin 810","Mali-G52","6","128","2019","377622","743279","394251","306559","1829711"
"Motorola Edge","Snapdragon 765G","Adreno 620","6","128","2020","443915","853601","436155","346772","2083443"
"Xiaomi Mi A3","Snapdragon 665","Adreno 610","4","64","2019","334213","689805","375915","299220","1691153"
"iPhone 11 Pro Max","Apple A13 Bionic","Apple GPU","4","64","2019","526083","972580","415240","365793","2271696"
"Poco F2 Pro","Snapdragon 865","Adreno 650","6","128","2020","481529","1038130","462670","374301","2284630"
"Asus Zenfone 7 Pro","Snapdragon 865","Adreno 650","8","128","2020","487244","1068275","467882","379213","2276614"
"Xiaomi Mi 10 Pro","Snapdragon 865","Adreno 650","8","256","2020","491330","1091712","473295","381351","2301688"
"OnePlus 8T","Snapdragon 865","Adreno 650","12","256","2020","486597","1079529","471690","376640","2332236"
"Huawei P40 Lite","HiSilicon Kirin 810","Mali-G52","6","128","2020","369560","730520","389640","308758","1791478"
"Vivo V15 Pro","Snapdragon 675","Adreno 612","6","128","2019","397172","796619","399758","315543","1900092"
"Motorola Moto G60","Snapdragon 732G","Adreno 618","6","128","2021","385722","812647","397893","317622","1910884"
"Redmi Note 10 Pro Max","Snapdragon 732G","Adreno 618","8","128","2021","466115","1003283","455781","359384","2099546"
"Realme 8i","MediaTek Helio G96","ARM Mali-G57","6","128","2021","399455","861579","409523","331341","2000938"
"Vivo V20","Qualcomm Snapdragon 720G","Adreno 618","8","128","2020","414303","859571","409560","331009","2054443"
"iPhone 12 Pro Max","Apple A14 Bionic","Apple GPU","6","128","2020","587532","992540","429682","373539","2382293"
"OnePlus 8","Snapdragon 865","Adreno 650","8","128","2020","484060","1072084","465421","379232","2263797"
"Samsung Galaxy S20","Exynos 990","Mali-G77","8","128","2020","470982","1015923","459576","371421","2240891"
"Oppo Find X2 Pro","Snapdragon 865","Adreno 650","12","256","2020","491503","1086581","472226","384301","2349611"
"Realme X3 SuperZoom","Snapdragon 855+","Adreno 640","12","256","2020","470352","993861","458102","372047","2297362"
"Redmi Note 10 5G","MediaTek Dimensity 700","Mali-G57","4","64","2021","365727","702968","385362","296114","1746171"
"Xiaomi Mi 10T","Qualcomm Snapdragon 865","Adreno 650","8","128","2020","480365","1051221","462743","378314","2259643"
"Vivo X50","Snapdragon 730G","Adreno 618","8","128","2020","445223","855284","436456","346936","2089399"
"Poco M3","Snapdragon 662","Adreno 610","4","64","2020","355931","698351","379792","295487","1724561"
"Motorola Edge 20 Pro","Snapdragon 870","Adreno 650","12","256","2021","482636","1081797","471473","380827","2336933"
"Asus ROG Phone 5","Snapdragon 888","Adreno 660","16","512","2021","493257","1099380","473840","381972","2344449"
"Realme GT Master Edition","Snapdragon 778G","Adreno 642L","8","128","2021","448091","904710","438204","346531","2138536"
"iQOO Z3","Snapdragon 768G","Adreno 620","6","128","2021","432502","873279","427809","341206","2077796"
"Xiaomi Redmi K40","Snapdragon 870","Adreno 650","8","128","2021","471050","1047080","460820","367364","2119314"
"Honor 20 Pro","HiSilicon Kirin 980","Mali-G76","8","128","2019","456827","870934","430621","346874","2103256"
"Vivo V21e","MediaTek Dimensity 700","Mali-G57","8","128","2021","381970","732315","401294","321206","1833785"
"Samsung Galaxy M51","Snapdragon 730G","Adreno 618","8","128","2020","454196","917163","437588","349407","2148354"
"Xiaomi Mi 9T Pro","Snapdragon 855","Adreno 640","6","128","2019","475788","1003580","454201","359840","2272409"
"Redmi Note 9 Pro Max","Snapdragon 720G","Adreno 618","6","128","2020","375118","755210","400677","311440","1849445"
"Realme Narzo 30","Snapdragon 678","Adreno 612","4","64","2021","347295","669313","384132","296509","1707990"
"Poco F3","Snapdragon 870","Adreno 650","6","128","2021","468727","1045869","457910","366687","2113582"
"Samsung Galaxy A72","Snapdragon 720G","Adreno 618","8","128","2021","400670","848351","415580","326273","1996874"
"iPhone 11","Apple A13 Bionic","Apple GPU","4","64","2019","522760","950493","413832","362271","2240056"
"Oppo Reno 4 Pro","Snapdragon 720G","Adreno 618","8","128","2020","422015","868763","414801","327445","2032024"
"Huawei Mate 40 Pro","HiSilicon Kirin 9000","Mali-G78","8","256","2020","501683","1047955","479323","377864","2290825"
"Vivo Y20s","Qualcomm Snapdragon 460","Adreno 610","4","128","2020","318751","655758","372957","293707","1647173"
"Poco X2","Snapdragon 730G","Adreno 618","6","128","2020","463614","950418","456982","359393","2217449"
"Redmi Note 10 Pro Max","Snapdragon 732G","Adreno 618","6","128","2021","466541","1015413","454261","365451","2173666"
"Xiaomi Mi 11 Ultra","Snapdragon 888","Adreno 660","12","256","2021","491234","1095312","474963","380183","2396692"
"Samsung Galaxy A32 5G","MediaTek Dimensity 720","Mali-G57","4","64","2021","371508","708927","384647","305522","1775604"
"iPhone SE (2020)","Apple A13 Bionic","Apple GPU","3","64","2020","524189","961541","415221","365313","2267326"
"OnePlus 8T","Snapdragon 865","Adreno 650","12","256","2020","486291","1069872","471406","377662","2322231"
"Realme 7","Snapdragon 720G","Adreno 618","8","128","2020","397734","817561","408100","316374","1936769"
"Oppo A92","Qualcomm Snapdragon 665","Adreno 610","4","64","2020","372319","741446","392951","307639","1814345"
"Huawei P30 Pro","HiSilicon Kirin 980","Mali-G76","8","128","2019","485147","926242","455736","369589","2236714"
"Samsung Galaxy Z Fold 3","Exynos 2100","Mali-G78","12","256","2021","503198","1042250","474607","375389","2300444"
"iPhone 13 Pro Max","Apple A15 Bionic","Apple GPU","6","128","2021","616413","1038312","440980","381840","2404545"
"OnePlus Nord 2","Snapdragon 778G","Adreno 642L","8","128","2021","443678","908132","433582","340091","2129483"
"Xiaomi Mi 11","Qualcomm Snapdragon 888","Adreno 660","8","128","2021","481234","1076954","462380","374390","2257958"
"Poco X3 Pro","Snapdragon 860","Adreno 640","6","128","2021","466497","1077342","452598","366951","2188388"
"Vivo V21 5G","MediaTek Dimensity 800U","Mali-G57","8","128","2021","403128","854370","417536","326118","2002152"
"Oppo Reno 6 Pro 5G","MediaTek Dimensity 1200","Mali-G77","12","256","2021","491838","1028365","474287","380829","2322319"
"Samsung Galaxy A72","Snapdragon 720G","Adreno 618","8","128","2021","400786","841947","411548","329467","1985748"
"Redmi Note 10","Snapdragon 678","Adreno 612","4","64","2021","371440","741279","385370","300534","1793623"
"Motorola Moto G60","Snapdragon 732G","Adreno 618","6","128","2021","399119","819611","398214","313840","1935734"
"iQOO 7","Snapdragon 870","Adreno 650","8","128","2021","476355","1050510","463425","378976","2254266"
"Realme GT","Snapdragon 870","Adreno 650","8","128","2021","473839","1055247","460071","376496","2253653"
"Xiaomi Mi 10S","Snapdragon 870","Adreno 650","8","128","2021","475028","1061582","463810","379257","2256677"
"Asus Zenfone 8","Snapdragon 888","Adreno 660","8","128","2021","488643","1082162","470546","380820","2344171"
"Poco F3","Snapdragon 870","Adreno 650","8","128","2021","469998","1045860","458707","369379","2122644"
"OnePlus 9 Pro","Snapdragon 888","Adreno 660","12","256","2021","492417","1090283","475182","380991","2349873"
"Huawei P40 Pro","HiSilicon Kirin 990","Mali-G76","8","128","2020","487524","924572","459720","371281","2248097"
"Oppo Find X3 Pro","Snapdragon 888","Adreno 660","12","256","2021","492935","1091483","475239","380512","2348205"
"Xiaomi Mi 11 Ultra","Snapdragon 888","Adreno 660","12","256","2021","493082","1093021","477091","381587","2350781"
"Vivo V21","Snapdragon 800","Adreno 640","8","128","2021","445035","902420","425451","336288","2108194"
"Redmi Note 9 Pro","Snapdragon 720G","Adreno 618","6","128","2020","378349","759206","396378","314702","1847635"
"Realme Narzo 30 Pro","MediaTek Dimensity 800U","ARM Mali-G57","6","128","2020","398167","821220","408672","315699","1943058"
"Oppo A74 5G","Snapdragon 480","Adreno 619","6","128","2021","365499","744783","389371","311229","1793882"
"Xiaomi Redmi Note 10 Pro","Snapdragon 732G","Adreno 618","8","128","2021","474231","1012689","455202","371810","2099687"
"Motorola Edge 20 Pro","Snapdragon 870","Adreno 650","8","128","2021","482251","1081793","471473","380345","2336542"
"Samsung Galaxy A52 5G","Snapdragon 750G","Adreno 619","8","128","2021","400643","835610","418260","325689","1972252"
"Poco M2 Pro","Snapdragon 720G","Adreno 618","6","64","2020","373012","757054","398017","312522","1795605"
"Vivo Y73","MediaTek Helio G95","Mali-G76","8","128","2021","419213","856468","422394","325011","2021686"
"Redmi Note 8 Pro","MediaTek Helio G90T","ARM Mali-G76","6","128","2020","456870","869054","438677","347318","2114920"
"Honor 9X Pro","HiSilicon Kirin 810","Mali-G52","6","128","2020","388243","739861","398271","310534","1839909"
"Xiaomi Redmi K40 Pro","Snapdragon 888","Adreno 660","8","128","2021","485421","1073670","466804","376315","2267710"
"Realme 8","Snapdragon 720G","Adreno 618","8","128","2021","395806","803268","406299","319735","1913308"
"Samsung Galaxy S21 5G","Exynos 2100","Mali-G78","8","128","2021","487387","1023278","472410","374124","2289199"
"Xiaomi Mi 10 Pro","Snapdragon 865","Adreno 650","8","256","2020","484903","1061124","469745","376249","2274021"
"Samsung Galaxy S21 Ultra 5G","Exynos 2100","Mali-G78","12","128","2021","504230","1102397","479951","384912","2314490"
"iPhone 13","Apple A15 Bionic","Apple GPU","4","128","2021","605231","1053120","439851","375421","2440605"
"Xiaomi Mi 11X Pro","Snapdragon 888","Adreno 660","8","128","2021","489978","1086840","470312","379697","2342827"
"OnePlus 9R","Snapdragon 870","Adreno 650","8","128","2021","474346","1052867","464123","373467","2214980"
"Oppo Reno 6","Snapdragon 780G","Adreno 642","8","128","2021","473689","1042574","463168","374208","2213639"
"Motorola Edge Plus","Snapdragon 865","Adreno 650","12","256","2020","493135","1092283","476546","381027","2345991"
"Realme GT Master Edition","Snapdragon 778G","Adreno 642L","8","128","2021","444710","945567","437273","349852","2171402"
"Vivo V21e","MediaTek Dimensity 700","Mali-G57","8","128","2021","397653","804321","412998","320429","1937401"
"Redmi K40","Snapdragon 870","Adreno 650","8","128","2021","472217","1053758","461256","376276","2221507"
"Poco F2 Pro","Snapdragon 865","Adreno 650","6","128","2020","472092","1054093","460825","376819","2221830"
"Xiaomi Mi 10T Lite","Snapdragon 750G","Adreno 619","6","128","2020","433662","895932","435644","345867","2118105"
"Vivo X60 Pro","Exynos 1080","Mali-G78","12","256","2021","493014","1091675","476560","380945","2349394"
"iQOO 7 Legend","Snapdragon 888","Adreno 660","12","256","2021","495093","1094573","477228","382506","2353400"
"Samsung Galaxy A52","Snapdragon 720G","Adreno 618","8","128","2021","400413","836651","419124","325231","1979419"
"Redmi Note 9","Snapdragon 662","Adreno 610","4","64","2020","356537","682783","368197","289634","1696964"
"Asus ROG Phone 3","Snapdragon 865+","Adreno 650","12","128","2020","490629","1071415","474722","379273","2328042"
"OnePlus Nord","Snapdragon 765G","Adreno 620","8","128","2020","449581","927122","440530","352650","2171883"
"Poco X3","Snapdragon 732G","Adreno 618","6","64","2020","379557","732348","396270","314752","1789427"
"Realme 6 Pro","Snapdragon 720G","Adreno 618","6","64","2020","401953","747352","405609","320871","1875785"
"iPhone 11 Pro Max","Apple A13 Bionic","Apple GPU","4","64","2019","543678","954152","425084","367116","2286030"
"Oppo A92","Qualcomm Snapdragon 665","Adreno 610","6","128","2020","375140","700548","390229","309279","1779196"
"Vivo Y30","MediaTek Helio P35","PowerVR GE8320","4","64","2020","313570","625080","365582","285274","1581506"
"Motorola Moto G100","Snapdragon 870","Adreno 650","8","128","2021","474559","1053402","463789","375038","2229788"
"Xiaomi Mi 11 Lite","Snapdragon 732G","Adreno 618","6","128","2021","453175","951908","442786","349229","2195798"
"Redmi Note 10 Pro","Snapdragon 732G","Adreno 618","8","128","2021","472471","1015348","457939","374831","2226527"
"OnePlus 8T","Snapdragon 865","Adreno 650","12","256","2020","488387","1061041","470835","375615","2294878"
"Samsung Galaxy Z Flip","Snapdragon 855+","Adreno 640","8","256","2020","467932","1028483","459442","372914","2211771"
"Poco M3","Snapdragon 662","Adreno 610","6","128","2020","373274","742501","388719","309279","1794773"
"Realme 8 Pro","Snapdragon 720G","Adreno 618","6","128","2021","425740","869720","421306","331972","2017987"
"Poco X2","Snapdragon 730G","Adreno 618","6","64","2020","415207","876163","409493","322103","2020966"
"Vivo V19","Snapdragon 712","Adreno 616","8","128","2020","411313","840780","405740","323974","1985607"
"Xiaomi Mi 10","Snapdragon 865","Adreno 650","8","256","2020","484312","1061347","469543","376184","2277386"
"Samsung Galaxy M31","Exynos 9611","Mali-G72","6","128","2020","392416","805484","409602","318536","1928038"
"Xiaomi Redmi Note 10 Pro","Snapdragon 732G","Adreno 618","6","128","2021","470347","1031852","459712","374085","2223996"
"Oppo A53","Snapdragon 460","Adreno 610","4","64","2020","325480","626107","361588","292223","1609398"
"Realme Narzo 30A","MediaTek Helio G85","Mali-G52","4","64","2021","337121","654892","370235","296774","1654022"
"Samsung Galaxy A71","Snapdragon 730G","Adreno 618","8","128","2020","452683","929356","442924","358473","2186436"
"Redmi 9","Snapdragon 662","Adreno 610","4","64","2020","356277","685396","369223","295120","1708016"
"Realme X50 Pro","Snapdragon 865","Adreno 650","12","256","2020","493823","1057749","478256","378990","2301818"
"OnePlus 9 Pro","Snapdragon 888","Adreno 660","12","256","2021","497051","1102564","480801","384774","2338189"
"Motorola Moto G60","Snapdragon 732G","Adreno 618","6","128","2021","473569","1038129","460601","376073","2220372"
"Vivo V21 5G","MediaTek Dimensity 800U","Mali-G57","8","128","2021","397402","814551","413623","322050","1947626"
"Xiaomi Mi 11 Ultra","Snapdragon 888","Adreno 660","12","256","2021","493258","1096210","477341","382053","2349862"
"Samsung Galaxy S21+","Exynos 2100","Mali-G78","8","128","2021","494850","1098242","479023","381532","2339647"
"Asus Zenfone 8","Snapdragon 888","Adreno 660","8","128","2021","491784","1076769","474862","379502","2330917"
"Vivo X60","Snapdragon 870","Adreno 650","12","256","2021","473018","1047521","463404","375232","2214175"
"Poco M2 Pro","Snapdragon 720G","Adreno 618","4","64","2020","424128","853673","414761","334416","2028978"
"Xiaomi Mi 10T","Snapdragon 865","Adreno 650","8","128","2020","482432","1065578","467285","377253","2281548"
"Realme 7","Snapdragon 720G","Adreno 618","8","128","2020","424950","868607","420607","332509","2029673"
"iQOO 3","Snapdragon 865","Adreno 650","12","256","2020","486297","1061873","469486","379081","2283237"
"Redmi Note 10 5G","MediaTek Dimensity 700","Mali-G57","4","64","2021","362551","738919","395156","317936","1814562"
"Oppo Find X3 Pro","Snapdragon 888","Adreno 660","12","256","2021","497379","1108568","481023","384940","2349910"
"Samsung Galaxy A31","MediaTek Helio P65","ARM Mali-G52","4","64","2020","375301","690971","398312","315483","1784067"
"Vivo Y20s","Qualcomm Snapdragon 460","Adreno 610","6","128","2020","360948","748073","398743","315736","1827700"
"Poco F3","Snapdragon 870","Adreno 650","8","128","2021","472054","1056138","461315","373444","2223951"
"OnePlus Nord 2","Snapdragon 778G","Adreno 642L","8","128","2021","454021","931127","438919","352113","2171180"
"Redmi Note 9 Pro","Snapdragon 720G","Adreno 618","6","128","2020","437249","899601","427218","334490","2099558"
"Xiaomi Mi 11X Pro","Snapdragon 888","Adreno 660","8","128","2021","490588","1096503","475862","380282","2348235"
"Oppo A73","Qualcomm Snapdragon 662","Adreno 610","6","128","2020","369121","727808","387150","314096","1798175"
"Realme Narzo 30 Pro 5G","MediaTek Dimensity 800U","Mali-G57","6","64","2021","424811","836215","411906","328433","2003376"
"iPhone 12 Pro Max","Apple A14 Bionic","Apple GPU","6","128","2020","588762","996632","429862","373602","2381858"
"Vivo Y31s","Qualcomm Snapdragon 480","Adreno 619","4","64","2021","366116","759467","390457","315299","1794339"
"Samsung Galaxy A32","MediaTek Helio G80","Mali-G52","6","128","2021","389743","804702","405591","325350","1929386"
"Xiaomi Redmi 10","Snapdragon 678","Adreno 612","4","64","2021","389651","753951","407083","327462","1881147"
"Poco X3 Pro","Snapdragon 860","Adreno 640","6","128","2021","467614","1079154","453838","373791","2213397"
"iQOO Z3","Snapdragon 768G","Adreno 620","6","128","2021","455551","937734","442268","349738","2188291"
"Redmi Note 9 Pro","Snapdragon 720G","Adreno 618","6","128","2020","439287","906234","426736","338728","2109985"
"Samsung Galaxy A12","MediaTek Helio P35","PowerVR GE8320","4","64","2020","325380","621704","367052","289846","1600982"
"Realme 8 Pro","Snapdragon 720G","Adreno 618","8","128","2021","424809","868463","421218","332348","2017838"
"Motorola Moto G60","Snapdragon 732G","Adreno 618","6","128","2021","473944","1039762","460773","376234","2221713"
"OnePlus 9","Snapdragon 888","Adreno 660","8","128","2021","494317","1096553","479232","383151","2338253"
"iPhone SE 2020","Apple A13 Bionic","Apple GPU","3","64","2020","535672","920012","417146","367983","2246813"
"Xiaomi Mi 10","Snapdragon 865","Adreno 650","8","128","2020","485032","1060738","468356","376107","2278233"
"Vivo V21 5G","MediaTek Dimensity 800U","Mali-G57","8","128","2021","398144","818076","412676","321057","1944982"
"Realme X7","Snapdragon 870","Adreno 650","8","128","2021","474162","1044694","461948","376371","2225175"
"Redmi Note 10 5G","MediaTek Dimensity 700","Mali-G57","6","128","2021","362574","738990","395329","317939","1814832"
"Poco X3","Qualcomm Snapdragon 732G","Adreno 618","6","128","2020","438050","898852","426778","335198","2089878"
"OnePlus Nord","Snapdragon 765G","Adreno 620","8","128","2020","452118","929781","439058","350222","2175179"
"Vivo X60 Pro","Exynos 1080","Mali-G78","12","256","2021","493343","1093589","476667","381096","2349317"
"Redmi K40","Snapdragon 888","Adreno 660","8","128","2021","489123","1092784","475123","380479","2349874"
"Xiaomi Mi 11 Ultra","Snapdragon 888","Adreno 660","12","256","2021","493766","1095321","477768","382243","2355098"
"Samsung Galaxy S21","Exynos 2100","Mali-G78","8","128","2021","493061","1099150","478328","382927","2349466"
"Realme 7 Pro","Snapdragon 720G","Adreno 618","8","128","2020","424859","869314","421342","332543","2018067"
"Oppo Reno 5 Pro 5G","MediaTek Dimensity 1000+","Mali-G77","8","128","2021","493226","1094703","477965","382734","2349663"
"Vivo Y73","MediaTek Helio G95","ARM Mali-G76","8","128","2021","447141","940582","438018","351224","2178965"
"Xiaomi Redmi K40 Pro+","Snapdragon 888","Adreno 660","12","256","2021","491203","1095518","478341","382056","2349865"
"Motorola Edge","Snapdragon 765G","Adreno 620","8","128","2020","456725","926132","438635","353871","2174863"
"Samsung Galaxy Z Flip","Snapdragon 855+","Adreno 640","8","256","2020","467932","1039481","459421","376803","2212577"
"OnePlus 8 Pro","Snapdragon 865","Adreno 650","12","256","2020","487015","1061842","472132","379801","2288987"
"Poco M3","Snapdragon 662","Adreno 610","6","128","2020","373257","742657","388906","309297","1799961"
"Xiaomi Mi 11X","Snapdragon 870","Adreno 650","8","128","2021","474126","1053209","463067","376458","2217859"
"Vivo X50 Pro","Snapdragon 865","Adreno 650","8","128","2020","470350","1042351","460372","373857","2216930"
"Redmi Note 8 Pro","Helio G90T","Mali-G76","6","64","2020","432698","912150","428110","338383","2116341"
"Samsung Galaxy A51","Exynos 9611","Mali-G72","6","128","2020","402045","805167","412610","319549","1939371"
"Poco F3","Snapdragon 870","Adreno 650","8","128","2021","472305","1056799","461457","373659","2221420"
"Realme Narzo 30 Pro 5G","MediaTek Dimensity 800U","Mali-G57","6","64","2021","424819","836271","411981","328394","2003642"
"Asus ROG Phone 5","Snapdragon 888","Adreno 660","16","256","2021","502373","1118245","485760","387309","2379687"
"Xiaomi Mi 11","Snapdragon 888","Adreno 660","8","128","2021","492489","1096923","477869","382324","2349742"
"Xiaomi Redmi Note 9","Snapdragon 662","Adreno 610","4","64","2020","369784","748905","394765","316296","1825750"
"Vivo Y20i","Qualcomm Snapdragon 460","Adreno 610","3","64","2020","356927","736789","379416","311444","1783576"
"Realme 6 Pro","Snapdragon 720G","Adreno 618","6","64","2020","430789","879481","421832","331735","2064837"
"Motorola Moto G Power","Qualcomm Snapdragon 662","Adreno 610","4","64","2020","363249","747980","385439","311876","1799684"
"Samsung Galaxy A31","MediaTek Helio P65","ARM Mali-G52","4","64","2020","375046","692235","400312","318426","1794019"
"Oppo A92","Snapdragon 665","Adreno 610","8","128","2020","412097","852763","420872","329095","2019827"
"Redmi Note 10 Pro","Snapdragon 732G","Adreno 618","6","128","2021","470921","1033563","459508","374828","2223820"
"Realme Narzo 30A","MediaTek Helio G85","Mali-G52","4","64","2021","337746","654973","369849","295432","1655152"
"Xiaomi Redmi Note 9 Pro","Snapdragon 720G","Adreno 618","6","128","2020","437550","904482","426837","338302","2109171"
"Vivo Y30","MediaTek Helio P35","PowerVR GE8320","4","64","2020","328185","621406","366875","289404","1600870"
"Realme 7 Pro","Snapdragon 720G","Adreno 618","8","128","2020","425188","869358","421573","332486","2017705"
"Poco M2 Pro","Snapdragon 720G","Adreno 618","6","128","2020","424603","856792","414671","334416","2023482"
"Motorola Moto G60","Snapdragon 732G","Adreno 618","6","128","2021","473294","1040822","461072","375840","2225428"
"OnePlus 9 Pro","Snapdragon 888","Adreno 660","12","256","2021","497065","1102897","480621","384853","2339436"
"iPhone 12 Pro Max","Apple A14 Bionic","Apple GPU","6","128","2020","588911","998236","430221","373903","2385271"
"Redmi 9 Prime","MediaTek Helio G80","Mali-G52","4","64","2020","341543","680239","375432","297529","1690743"
"Poco F3","Snapdragon 870","Adreno 650","8","128","2021","472231","1059380","461471","373774","2221856"
"Samsung Galaxy A52","Snapdragon 720G","Adreno 618","6","128","2021","451301","926755","449456","358727","2183239"
"Realme X7","Snapdragon 870","Adreno 650","8","128","2021","474335","1044219","461947","376612","2225413"
"Redmi Note 10","Snapdragon 678","Adreno 612","4","64","2021","389952","752100","407087","327496","1885635"
"Xiaomi Mi 10","Snapdragon 865","Adreno 650","8","128","2020","484274","1062375","468745","376203","2279705"
"Samsung Galaxy S20","Exynos 990","Mali-G77","8","128","2020","492674","1095672","478304","382776","2348426"
"Vivo V21 5G","MediaTek Dimensity 800U","Mali-G57","8","128","2021","398254","819621","412899","321043","1949817"
"OnePlus 8 Pro","Snapdragon 865","Adreno 650","12","256","2020","487145","1062195","472450","379890","2289745"
"iQOO 7","Snapdragon 870","Adreno 650","8","128","2021","474411","1052337","461834","376383","2224865"
"Realme 8","Snapdragon 720G","Adreno 618","4","64","2021","427513","876642","418845","329104","2067104"
"Xiaomi Mi 11","Snapdragon 888","Adreno 660","8","128","2021","492699","1096901","477992","382264","2349860"
"Vivo Y51","Qualcomm Snapdragon 662","Adreno 610","4","128","2020","373187","744902","388249","310592","1799930"
"Redmi K40 Pro","Snapdragon 888","Adreno 660","12","256","2021","491234","1095520","478273","382074","2349880"
"Oppo A54","MediaTek Helio P35","PowerVR GE8320","4","64","2021","338957","648509","370682","295672","1656820"
"Poco X3","Snapdragon 732G","Adreno 618","6","128","2020","437650","908674","427120","338701","2115145"
"iPhone 12 Pro","Apple A14 Bionic","Apple GPU","6","128","2020","588911","998236","430221","373903","2385271"
"Xiaomi Redmi Note 9","MediaTek Helio G80","Mali-G52","4","64","2020","341543","680239","375432","297529","1690743"
"Xiaomi Redmi Note 10","Snapdragon 678","Adreno 612","4","64","2021","389952","752100","407087","327496","1885635"
"Oppo F19 Pro","MediaTek Helio P95","PowerVR GE8320","8","128","2021","420512","872361","417631","327017","2048521"
"Xiaomi Redmi Note 9 Pro","Snapdragon 720G","Adreno 618","6","128","2020","439287","906234","426736","338728","2109985"
"iPhone 11","Apple A13 Bionic","Apple GPU","4","64","2019","527364","919890","422451","371387","2246492"
"Realme 7 Pro","Snapdragon 720G","Adreno 618","8","128","2020","424809","868463","421218","332348","2017838"
"Poco X3 Pro","Snapdragon 860","Adreno 640","6","128","2021","471204","1046483","459383","374942","2225012"
"Samsung Galaxy A32","MediaTek Helio G80","Mali-G52","6","128","2021","380271","710980","401642","317556","1818094"
"Sony Xperia 5 II","Qualcomm Snapdragon 865","Adreno 650","8","128","2020","499122","1080276","469514","379967","2317879"
"Samsung Galaxy Note 10+","Exynos 9825","Mali-G76 MP12","12","256","2019","495832","1064781","473018","375846","2323477"
"Asus ROG Phone 3","Qualcomm Snapdragon 865+","Adreno 650","16","512","2020","515692","1093892","485312","389014","2360910"
"LG Velvet","Qualcomm Snapdragon 765G","Adreno 620","6","128","2020","414295","873512","421087","338921","2049815"
"Motorola Edge+","Qualcomm Snapdragon 865","Adreno 650","12","256","2020","500023","1092105","479073","380428","2339629"
"Xiaomi Mi 11 Ultra","Snapdragon 888","Adreno 660","12","256","2021","511229","1112549","490510","392417","2455705"
"OnePlus 9 Pro","Snapdragon 888","Adreno 660","12","256","2021","497065","1102897","480621","384853","2339436"
"Huawei P40 Pro","HiSilicon Kirin 990 5G","Mali-G76 MP16","8","256","2020","503486","1074313","486452","382644","2334895"
"Google Pixel 5","Qualcomm Snapdragon 765G","Adreno 620","8","128","2020","436291","879538","419743","340210","2077782"
"Realme GT","Snapdragon 870","Adreno 650","8","128","2021","486195","1070921","472827","382182","2325325"
"Vivo V21","MediaTek Dimensity 800U","Mali-G57 MC3","8","128","2021","447093","879537","421326","348527","2098483"
"Oppo Find X3 Pro","Snapdragon 888","Adreno 660","12","256","2021","512435","1118742","493219","395248","2453644"
"Redmi Note 10","Snapdragon 678","Adreno 612","4","64","2021","389952","752100","407087","327496","1885635"
"Xiaomi Mi 10 Pro","Snapdragon 865","Adreno 650","8","256","2020","487328","1067784","471954","375106","2278168"
"Samsung Galaxy Z Fold 2","Snapdragon 865+","Adreno 650","12","256","2020","504623","1074938","488102","385921","2334584"
"Poco F3","Snapdragon 870","Adreno 650","8","128","2021","472231","1059380","461471","373774","2221856"
"iPhone 12","Apple A14 Bionic","Apple GPU","6","128","2020","580113","997506","429278","372211","2368108"
"Realme X50 Pro 5G","Qualcomm Snapdragon 865","Adreno 650","12","256","2020","510489","1092783","483755","387230","2333477"
"Vivo X60 Pro+","Exynos 1080","Mali-G78","12","256","2021","493343","1093589","476667","381096","2349317"
"Oppo Reno 5 Pro 5G","MediaTek Dimensity 1000+","Mali-G77","8","128","2021","457902","976327","448251","367321","2246801"
"Samsung Galaxy A71","Qualcomm Snapdragon 730G","Adreno 618","8","128","2020","435732","914195","466715","374669","2118311"
"Honor 30 Pro","HiSilicon Kirin 990 5G","Mali-G76 MP16","8","256","2020","488335","1067869","475090","373907","2345241"
"Xiaomi Redmi K40","Snapdragon 888","Adreno 660","12","128","2021","491034","1094537","478290","381226","2348872"
"Nokia 8.3 5G","Qualcomm Snapdragon 765G","Adreno 620","8","128","2020","426281","874512","417618","339402","2059520"
"Realme Narzo 30 Pro","MediaTek Dimensity 800U","Mali-G57","6","128","2021","442390","877615","423841","347924","2107702"
"OnePlus Nord 2","MediaTek Dimensity 1200","Mali-G77","8","128","2021","464208","967435","454913","367313","2232874"
"Samsung Galaxy M32","MediaTek Helio G80","Mali-G52","6","128","2021","378262","684737","402835","314598","1787432"
"iPhone 11 Pro","Apple A13 Bionic","Apple GPU","4","64","2019","527364","919890","422451","371387","2246492"
"Realme 8 Pro","Snapdragon 720G","Adreno 618","8","128","2021","424809","868463","421218","332348","2017838"
"Poco X3 Pro","Snapdragon 860","Adreno 640","6","128","2021","471204","1046483","459383","374942","2225012"
"Xiaomi Mi 11 Lite","Snapdragon 732G","Adreno 618","6","128","2021","449126","905632","426347","343320","2128425"
"Motorola Moto G100","Snapdragon 870","Adreno 650","8","128","2021","475000","1063381","467217","375051","2249649"
"Vivo V19","Qualcomm Snapdragon 712","Adreno 616","8","128","2020","426495","880473","417532","336935","2051435"
"Xiaomi Poco X2","Qualcomm Snapdragon 730G","Adreno 618","6","128","2020","431230","863119","430271","340551","2062171"
"OnePlus 8T","Snapdragon 865","Adreno 650","12","256","2020","499823","1065123","478599","380371","2325916"
"Samsung Galaxy S20 Ultra","Exynos 990","Mali-G77 MP11","12","128","2020","514267","1058231","493489","385207","2344194"
"Redmi K20 Pro","Qualcomm Snapdragon 855","Adreno 640","8","128","2019","489014","987693","473113","374602","2327422"
"Vivo V17 Pro","Qualcomm Snapdragon 675","Adreno 612","8","128","2019","453212","827290","419752","345861","2044115"
"Honor 10X Lite","HiSilicon Kirin 710A","Mali-G51 MP4","4","128","2020","428603","690213","417029","332812","1879657"
"Huawei Nova 5T","HiSilicon Kirin 980","Mali-G76 MP10","8","128","2019","502493","1063645","487148","373432","2338718"
"Oppo F19 Pro","MediaTek Helio P95","Mali-G76","8","128","2021","459383","871745","453215","357083","2141426"
"Nokia 9 PureView","Qualcomm Snapdragon 845","Adreno 630","6","128","2019","467890","934801","440502","361284","2049477"
"Realme 6 Pro","Snapdragon 720G","Adreno 618","6","64","2020","441349","894248","419832","332981","2086410"
"Xiaomi Mi 9T Pro","Snapdragon 855","Adreno 640","6","64","2019","483282","967123","469304","371672","2299381"
"Samsung Galaxy A51","Exynos 9611","Mali-G72 MP3","6","128","2020","436583","854321","420287","335679","2069870"
"Asus Zenfone 7","Qualcomm Snapdragon 865+","Adreno 650","8","128","2020","493292","1039428","478294","378982","2317996"
"Motorola Edge 20 Pro","Qualcomm Snapdragon 870","Adreno 650","12","256","2021","506572","1092657","485370","389720","2372319"
"Poco M2 Pro","Snapdragon 720G","Adreno 618","6","64","2020","431789","886435","429745","340559","2096828"
"Vivo Y30","MediaTek Helio P35","PowerVR GE8320","4","64","2020","410542","730147","417019","325043","1887751"
"Realme X2 Pro","Snapdragon 855+","Adreno 640","8","256","2019","493872","1056714","474383","380118","2329056"
"Oppo Reno 2Z","MediaTek Helio P90","Mali-G76","8","128","2019","464759","887692","448961","357153","2149937"
"Samsung Galaxy A80","Qualcomm Snapdragon 730G","Adreno 618","8","128","2019","450836","879418","433945","349203","2117402"
"Xiaomi Mi Mix 3","Snapdragon 845","Adreno 630","6","128","2018","466279","933045","438101","357201","2087636"
"OnePlus Nord","Nordic Snapdragon 765G","Adreno 620","6","128","2020","442384","858190","421534","336198","2053306"
"Realme Narzo 30A","MediaTek Helio G85","Mali-G52","4","64","2021","396751","663191","413428","323190","1797560"
"Nokia 7.2","Qualcomm Snapdragon 660","Adreno 512","4","64","2019","423625","771204","418052","329271","1941164"
"Samsung Galaxy S10","Exynos 9820","Mali-G76 MP12","8","128","2019","491343","1048223","484315","375473","2347382"
"Xiaomi Mi 10i","Snapdragon 750G","Adreno 619","6","128","2020","456735","847121","439036","344593","2089494"
"Vivo Y51","Qualcomm Snapdragon 665","Adreno 610","6","128","2020","441212","774563","428148","335224","2076147"
"Realme 7 Pro","Snapdragon 720G","Adreno 618","8","128","2020","447365","873842","431197","341856","2109260"
"Oppo A92","Qualcomm Snapdragon 665","Adreno 610","6","128","2020","425792","732411","422389","329554","1876146"
"iPhone SE (2020)","Apple A13 Bionic","Apple GPU","3","64","2020","526183","935371","420759","369476","2277803"
"Samsung Galaxy A31","MediaTek Helio P65","Mali-G52","4","64","2020","423819","675249","419717","327981","1879775"
"Motorola Moto G8 Power","Snapdragon 665","Adreno 610","4","64","2020","417081","725130","415087","326151","1883449"
"Xiaomi Mi 10","Qualcomm Snapdragon 865","Adreno 650","8","128","2020","484193","1067367","473539","376482","2318321"
"Realme C11","MediaTek Helio G35","PowerVR GE8320","2","32","2020","378157","630228","407560","315218","1732163"
"Oppo F15","MediaTek Helio P70","Mali-G72 MP3","8","128","2020","451282","855401","431832","336372","2077887"
"Xiaomi Redmi Note 9S","Snapdragon 720G","Adreno 618","4","64","2020","437953","756282","421372","329481","1941034"
"Vivo Y12s","MediaTek Helio P35","PowerVR GE8320","3","32","2020","402526","674152","413441","319709","1810728"
